# Licensed to the Apache Software Foundation (ASF) under one
# or more contributor license agreements.See the NOTICE file
# distributed with this work for additional information
# regarding copyright ownership.The ASF licenses this file
# to you under the Apache License, Version 2.0 (the
# "License"); you may not use this file except in compliance
# with the License.You may obtain a copy of the License at

# http://www.apache.org/licenses/LICENSE-2.0

# Unless required by applicable law or agreed to in writing,
# software distributed under the License is distributed on an
# "AS IS" BASIS, WITHOUT WARRANTIES OR CONDITIONS OF ANY
# KIND, either express or implied.See the License for the
# specific language governing permissions and limitations
# under the License.

statement ok
CREATE EXTERNAL TABLE decimal_simple (
c1 DECIMAL(10,6) NOT NULL,
c2 DOUBLE NOT NULL,
c3 BIGINT NOT NULL,
c4 BOOLEAN NOT NULL,
c5 DECIMAL(12,7) NOT NULL
)
STORED AS CSV
WITH HEADER ROW
LOCATION 'tests/data/decimal_data.csv';

query T
select arrow_typeof(c1/cast(0.00001 as decimal(5,5))) from decimal_simple limit 1;
----
Decimal128(21, 12)

query R
select c1/cast(0.00001 as decimal(5,5)) from decimal_simple;
----
0.000000000001
0.000000000002
0.000000000002
0.000000000003
0.000000000003
0.000000000003
0.000000000004
0.000000000004
0.000000000004
0.000000000004
0.000000000005
0.000000000005
0.000000000005
0.000000000005
0.000000000005

# array decimal(10,6) + array decimal(12,7) => decimal(13,7)
query T
select arrow_typeof(c1+c5) from decimal_simple limit 1;
----
Decimal128(13, 7)
